DROP DATABASE IF EXISTS mcol641_joins_db;
CREATE DATABASE mcol641_joins_db;
USE mcol641_joins_db;
CREATE TABLE cs1 (d1 DECIMAL(38), d2 DECIMAL(37), id TINYINT)engine=Columnstore;
CREATE TABLE cs2 (i1 SMALLINT, i2 MEDIUMINT, i3 INT, i4 BIGINT)engine=Columnstore;
INSERT INTO cs1 VALUES
(99,0,1),
(255,254,2),
(254,253,3),
(252,253,4),
(65535,2147483647,5),
(65534,2147483646,6),
(65533,65532,7),
(2147483647,2147483636,8),
(2147483646,2147483635,9),
(2147483645,2147483634,10),
(2147483645,9223372036854775804,11),
(9223372036854775807,0,12),
(9223372036854775807,2147483627,13),
(9223372036854775806,2147483626,14),
(9223372036854775805,9223372036854775704,15);
INSERT INTO cs2 VALUES
(255,254,NULL,NULL),
(254,253,NULL,NULL),
(251,251,NULL,NULL),
(NULL,65535,NULL,NULL),
(NULL,65535,2147483647,NULL),
(NULL,65534,2147483646,NULL),
(NULL,0,2147483641,NULL),
(NULL,NULL,2147483647,NULL),
(NULL,NULL,2147483647,2147483636),
(NULL,NULL,2147483646,2147483635),
(NULL,NULL,0,2147483641),
(NULL,NULL,NULL,9223372036854775807),
(NULL,NULL,2147483627,9223372036854775807),
(NULL,NULL,2147483626,9223372036854775806),
(NULL,NULL,0,1);
SELECT cs1.*, cs2.* FROM cs1 INNER JOIN cs2 ON cs1.d1 = cs2.i1 ORDER BY id;
d1	d2	id	i1	i2	i3	i4
255	254	2	255	254	NULL	NULL
254	253	3	254	253	NULL	NULL
SELECT cs1.*, cs2.* FROM cs2 INNER JOIN cs1 ON cs1.d1 = cs2.i1 ORDER BY id;
d1	d2	id	i1	i2	i3	i4
255	254	2	255	254	NULL	NULL
254	253	3	254	253	NULL	NULL
SELECT cs1.*, cs2.* FROM cs1 INNER JOIN cs2 ON cs1.d1 = cs2.i2 ORDER BY id,i3;
d1	d2	id	i1	i2	i3	i4
254	253	3	255	254	NULL	NULL
65535	2147483647	5	NULL	65535	NULL	NULL
65535	2147483647	5	NULL	65535	2147483647	NULL
65534	2147483646	6	NULL	65534	2147483646	NULL
SELECT cs1.*, cs2.* FROM cs2 INNER JOIN cs1 ON cs1.d1 = cs2.i2 ORDER BY id,i3;
d1	d2	id	i1	i2	i3	i4
254	253	3	255	254	NULL	NULL
65535	2147483647	5	NULL	65535	NULL	NULL
65535	2147483647	5	NULL	65535	2147483647	NULL
65534	2147483646	6	NULL	65534	2147483646	NULL
SELECT cs1.*, cs2.* FROM cs1 INNER JOIN cs2 ON cs1.d1 = cs2.i3 ORDER BY id,i2,i4;
d1	d2	id	i1	i2	i3	i4
2147483647	2147483636	8	NULL	NULL	2147483647	NULL
2147483647	2147483636	8	NULL	NULL	2147483647	2147483636
2147483647	2147483636	8	NULL	65535	2147483647	NULL
2147483646	2147483635	9	NULL	NULL	2147483646	2147483635
2147483646	2147483635	9	NULL	65534	2147483646	NULL
SELECT cs1.*, cs2.* FROM cs2 INNER JOIN cs1 ON cs1.d1 = cs2.i3 ORDER BY id,i2,i4;
d1	d2	id	i1	i2	i3	i4
2147483647	2147483636	8	NULL	NULL	2147483647	NULL
2147483647	2147483636	8	NULL	NULL	2147483647	2147483636
2147483647	2147483636	8	NULL	65535	2147483647	NULL
2147483646	2147483635	9	NULL	NULL	2147483646	2147483635
2147483646	2147483635	9	NULL	65534	2147483646	NULL
SELECT cs1.*, cs2.* FROM cs1 INNER JOIN cs2 ON cs1.d1 = cs2.i4 AND cs2.i3 IS NOT NULL ORDER BY id;
d1	d2	id	i1	i2	i3	i4
9223372036854775807	0	12	NULL	NULL	2147483627	9223372036854775807
9223372036854775807	2147483627	13	NULL	NULL	2147483627	9223372036854775807
9223372036854775806	2147483626	14	NULL	NULL	2147483626	9223372036854775806
SELECT cs1.*, cs2.* FROM cs2 INNER JOIN cs1 ON cs1.d1 = cs2.i4 AND cs2.i3 IS NOT NULL ORDER BY id;
d1	d2	id	i1	i2	i3	i4
9223372036854775807	0	12	NULL	NULL	2147483627	9223372036854775807
9223372036854775807	2147483627	13	NULL	NULL	2147483627	9223372036854775807
9223372036854775806	2147483626	14	NULL	NULL	2147483626	9223372036854775806
SELECT cs1.*, cs2.* FROM cs1 INNER JOIN cs2 ON cs1.d1 = cs2.i1 AND cs1.d2 = cs2.i2 ORDER BY id;
d1	d2	id	i1	i2	i3	i4
255	254	2	255	254	NULL	NULL
254	253	3	254	253	NULL	NULL
SELECT cs1.*, cs2.* FROM cs2 INNER JOIN cs1 ON cs1.d1 = cs2.i1 AND cs1.d2 = cs2.i2 ORDER BY id;
d1	d2	id	i1	i2	i3	i4
255	254	2	255	254	NULL	NULL
254	253	3	254	253	NULL	NULL
SELECT cs1.*, cs2.* FROM cs1 INNER JOIN cs2 ON cs1.d1 = cs2.i2 AND cs1.d2 = cs2.i3 ORDER BY id;
d1	d2	id	i1	i2	i3	i4
65535	2147483647	5	NULL	65535	2147483647	NULL
65534	2147483646	6	NULL	65534	2147483646	NULL
SELECT cs1.*, cs2.* FROM cs2 INNER JOIN cs1 ON cs1.d1 = cs2.i2 AND cs1.d2 = cs2.i3 ORDER BY id;
d1	d2	id	i1	i2	i3	i4
65535	2147483647	5	NULL	65535	2147483647	NULL
65534	2147483646	6	NULL	65534	2147483646	NULL
SELECT cs1.*, cs2.* FROM cs1 INNER JOIN cs2 ON cs1.d1 = cs2.i3 AND cs1.d2 = cs2.i4 ORDER BY id,i2,i4;
d1	d2	id	i1	i2	i3	i4
2147483647	2147483636	8	NULL	NULL	2147483647	2147483636
2147483646	2147483635	9	NULL	NULL	2147483646	2147483635
SELECT cs1.*, cs2.* FROM cs2 INNER JOIN cs1 ON cs1.d1 = cs2.i3 AND cs1.d2 = cs2.i4 ORDER BY id,i2,i4;
d1	d2	id	i1	i2	i3	i4
2147483647	2147483636	8	NULL	NULL	2147483647	2147483636
2147483646	2147483635	9	NULL	NULL	2147483646	2147483635
SELECT cs1.*, cs2.* FROM cs1 INNER JOIN cs2 ON cs1.d1 = cs2.i4 AND cs1.d2 = cs2.i3 ORDER BY id;
d1	d2	id	i1	i2	i3	i4
9223372036854775807	2147483627	13	NULL	NULL	2147483627	9223372036854775807
9223372036854775806	2147483626	14	NULL	NULL	2147483626	9223372036854775806
SELECT cs1.*, cs2.* FROM cs2 INNER JOIN cs1 ON cs1.d1 = cs2.i4 AND cs1.d2 = cs2.i3 ORDER BY id;
d1	d2	id	i1	i2	i3	i4
9223372036854775807	2147483627	13	NULL	NULL	2147483627	9223372036854775807
9223372036854775806	2147483626	14	NULL	NULL	2147483626	9223372036854775806
SELECT s1.*,s2.* FROM (SELECT * FROM cs1)s1 INNER JOIN (SELECT * FROM cs2)s2 ON s1.d1=s2.i1 ORDER BY id,i2;
d1	d2	id	i1	i2	i3	i4
255	254	2	255	254	NULL	NULL
254	253	3	254	253	NULL	NULL
SELECT s1.*,s2.* FROM (SELECT * FROM cs2)s2 INNER JOIN (SELECT * FROM cs1)s1 ON s1.d1=s2.i1 ORDER BY id,i2;
d1	d2	id	i1	i2	i3	i4
255	254	2	255	254	NULL	NULL
254	253	3	254	253	NULL	NULL
SELECT s1.*,s2.* FROM (SELECT * FROM cs1)s1 INNER JOIN (SELECT * FROM cs2)s2 ON s1.d1=s2.i2 ORDER BY id,i3;
d1	d2	id	i1	i2	i3	i4
254	253	3	255	254	NULL	NULL
65535	2147483647	5	NULL	65535	NULL	NULL
65535	2147483647	5	NULL	65535	2147483647	NULL
65534	2147483646	6	NULL	65534	2147483646	NULL
SELECT s1.*,s2.* FROM (SELECT * FROM cs2)s2 INNER JOIN (SELECT * FROM cs1)s1 ON s1.d1=s2.i2 ORDER BY id,i3;
d1	d2	id	i1	i2	i3	i4
254	253	3	255	254	NULL	NULL
65535	2147483647	5	NULL	65535	NULL	NULL
65535	2147483647	5	NULL	65535	2147483647	NULL
65534	2147483646	6	NULL	65534	2147483646	NULL
SELECT s1.*,s2.* FROM (SELECT * FROM cs1)s1 INNER JOIN (SELECT * FROM cs2)s2 ON s1.d1=s2.i3 ORDER BY id,i2,i4;
d1	d2	id	i1	i2	i3	i4
2147483647	2147483636	8	NULL	NULL	2147483647	NULL
2147483647	2147483636	8	NULL	NULL	2147483647	2147483636
2147483647	2147483636	8	NULL	65535	2147483647	NULL
2147483646	2147483635	9	NULL	NULL	2147483646	2147483635
2147483646	2147483635	9	NULL	65534	2147483646	NULL
SELECT s1.*,s2.* FROM (SELECT * FROM cs2)s2 INNER JOIN (SELECT * FROM cs1)s1 ON s1.d1=s2.i3 ORDER BY id,i2,i4;
d1	d2	id	i1	i2	i3	i4
2147483647	2147483636	8	NULL	NULL	2147483647	NULL
2147483647	2147483636	8	NULL	NULL	2147483647	2147483636
2147483647	2147483636	8	NULL	65535	2147483647	NULL
2147483646	2147483635	9	NULL	NULL	2147483646	2147483635
2147483646	2147483635	9	NULL	65534	2147483646	NULL
SELECT s1.*,s2.* FROM (SELECT * FROM cs1)s1 INNER JOIN (SELECT * FROM cs2)s2 ON s1.d1=s2.i4 AND s2.i3 IS NOT NULL ORDER BY id,i3;
d1	d2	id	i1	i2	i3	i4
9223372036854775807	0	12	NULL	NULL	2147483627	9223372036854775807
9223372036854775807	2147483627	13	NULL	NULL	2147483627	9223372036854775807
9223372036854775806	2147483626	14	NULL	NULL	2147483626	9223372036854775806
SELECT s1.*,s2.* FROM (SELECT * FROM cs2)s2 INNER JOIN (SELECT * FROM cs1)s1 ON s1.d1=s2.i4 AND s2.i3 IS NOT NULL ORDER BY id,i3;
d1	d2	id	i1	i2	i3	i4
9223372036854775807	0	12	NULL	NULL	2147483627	9223372036854775807
9223372036854775807	2147483627	13	NULL	NULL	2147483627	9223372036854775807
9223372036854775806	2147483626	14	NULL	NULL	2147483626	9223372036854775806
SELECT cs1.*, cs2.* FROM cs1 INNER JOIN cs2 ON cs1.d1-1 = cs2.i1-1 ORDER BY id;
d1	d2	id	i1	i2	i3	i4
255	254	2	255	254	NULL	NULL
254	253	3	254	253	NULL	NULL
SELECT cs1.*, cs2.* FROM cs2 INNER JOIN cs1 ON cs1.d1-1 = cs2.i1-1 ORDER BY id;
d1	d2	id	i1	i2	i3	i4
255	254	2	255	254	NULL	NULL
254	253	3	254	253	NULL	NULL
SELECT cs1.*, cs2.* FROM cs1 INNER JOIN cs2 ON cs1.d1-1 = cs2.i2-1 ORDER BY id,i3;
d1	d2	id	i1	i2	i3	i4
254	253	3	255	254	NULL	NULL
65535	2147483647	5	NULL	65535	NULL	NULL
65535	2147483647	5	NULL	65535	2147483647	NULL
65534	2147483646	6	NULL	65534	2147483646	NULL
SELECT cs1.*, cs2.* FROM cs2 INNER JOIN cs1 ON cs1.d1-1 = cs2.i2-1 ORDER BY id,i3;
d1	d2	id	i1	i2	i3	i4
254	253	3	255	254	NULL	NULL
65535	2147483647	5	NULL	65535	NULL	NULL
65535	2147483647	5	NULL	65535	2147483647	NULL
65534	2147483646	6	NULL	65534	2147483646	NULL
SELECT cs1.*, cs2.* FROM cs1 INNER JOIN cs2 ON cs1.d1-1 = cs2.i3-1 ORDER BY id,i2,i4;
d1	d2	id	i1	i2	i3	i4
2147483647	2147483636	8	NULL	NULL	2147483647	NULL
2147483647	2147483636	8	NULL	NULL	2147483647	2147483636
2147483647	2147483636	8	NULL	65535	2147483647	NULL
2147483646	2147483635	9	NULL	NULL	2147483646	2147483635
2147483646	2147483635	9	NULL	65534	2147483646	NULL
SELECT cs1.*, cs2.* FROM cs2 INNER JOIN cs1 ON cs1.d1-1 = cs2.i3-1 ORDER BY id,i2,i4;
d1	d2	id	i1	i2	i3	i4
2147483647	2147483636	8	NULL	NULL	2147483647	NULL
2147483647	2147483636	8	NULL	NULL	2147483647	2147483636
2147483647	2147483636	8	NULL	65535	2147483647	NULL
2147483646	2147483635	9	NULL	NULL	2147483646	2147483635
2147483646	2147483635	9	NULL	65534	2147483646	NULL
SELECT cs1.*, cs2.* FROM cs1 INNER JOIN cs2 ON cs1.d1-1 = cs2.i4-1 AND cs2.i3 IS NOT NULL ORDER BY id;
d1	d2	id	i1	i2	i3	i4
9223372036854775807	0	12	NULL	NULL	2147483627	9223372036854775807
9223372036854775807	2147483627	13	NULL	NULL	2147483627	9223372036854775807
9223372036854775806	2147483626	14	NULL	NULL	2147483626	9223372036854775806
SELECT cs1.*, cs2.* FROM cs2 INNER JOIN cs1 ON cs1.d1-1 = cs2.i4-1 AND cs2.i3 IS NOT NULL ORDER BY id;
d1	d2	id	i1	i2	i3	i4
9223372036854775807	0	12	NULL	NULL	2147483627	9223372036854775807
9223372036854775807	2147483627	13	NULL	NULL	2147483627	9223372036854775807
9223372036854775806	2147483626	14	NULL	NULL	2147483626	9223372036854775806
SELECT cs1.*, cs2.* FROM cs1 INNER JOIN cs2 ON cs1.d1-1= cs2.i1-1 AND cs1.d2-1= cs2.i2-1 ORDER BY id;
d1	d2	id	i1	i2	i3	i4
255	254	2	255	254	NULL	NULL
254	253	3	254	253	NULL	NULL
SELECT cs1.*, cs2.* FROM cs2 INNER JOIN cs1 ON cs1.d1-1= cs2.i1-1 AND cs1.d2-1= cs2.i2-1 ORDER BY id;
d1	d2	id	i1	i2	i3	i4
255	254	2	255	254	NULL	NULL
254	253	3	254	253	NULL	NULL
SELECT cs1.*, cs2.* FROM cs1 INNER JOIN cs2 ON cs1.d1-1= cs2.i2-1 AND cs1.d2-1= cs2.i3-1 ORDER BY id;
d1	d2	id	i1	i2	i3	i4
65535	2147483647	5	NULL	65535	2147483647	NULL
65534	2147483646	6	NULL	65534	2147483646	NULL
SELECT cs1.*, cs2.* FROM cs2 INNER JOIN cs1 ON cs1.d1-1= cs2.i2-1 AND cs1.d2-1= cs2.i3-1 ORDER BY id;
d1	d2	id	i1	i2	i3	i4
65535	2147483647	5	NULL	65535	2147483647	NULL
65534	2147483646	6	NULL	65534	2147483646	NULL
SELECT cs1.*, cs2.* FROM cs1 INNER JOIN cs2 ON cs1.d1-1= cs2.i3-1 AND cs1.d2-1= cs2.i4-1 ORDER BY id,i2,i4;
d1	d2	id	i1	i2	i3	i4
2147483647	2147483636	8	NULL	NULL	2147483647	2147483636
2147483646	2147483635	9	NULL	NULL	2147483646	2147483635
SELECT cs1.*, cs2.* FROM cs2 INNER JOIN cs1 ON cs1.d1-1= cs2.i3-1 AND cs1.d2-1= cs2.i4-1 ORDER BY id,i2,i4;
d1	d2	id	i1	i2	i3	i4
2147483647	2147483636	8	NULL	NULL	2147483647	2147483636
2147483646	2147483635	9	NULL	NULL	2147483646	2147483635
SELECT cs1.*, cs2.* FROM cs1 INNER JOIN cs2 ON cs1.d1-1= cs2.i4-1 AND cs1.d2-1= cs2.i3-1 ORDER BY id;
d1	d2	id	i1	i2	i3	i4
9223372036854775807	2147483627	13	NULL	NULL	2147483627	9223372036854775807
9223372036854775806	2147483626	14	NULL	NULL	2147483626	9223372036854775806
SELECT cs1.*, cs2.* FROM cs2 INNER JOIN cs1 ON cs1.d1-1= cs2.i4-1 AND cs1.d2-1= cs2.i3-1 ORDER BY id;
d1	d2	id	i1	i2	i3	i4
9223372036854775807	2147483627	13	NULL	NULL	2147483627	9223372036854775807
9223372036854775806	2147483626	14	NULL	NULL	2147483626	9223372036854775806
SELECT s1.*,s2.* FROM (SELECT * FROM cs1)s1 INNER JOIN (SELECT * FROM cs2)s2 ON s1.d1-1=s2.i1-1 ORDER BY id,i2;
d1	d2	id	i1	i2	i3	i4
255	254	2	255	254	NULL	NULL
254	253	3	254	253	NULL	NULL
SELECT s1.*,s2.* FROM (SELECT * FROM cs2)s2 INNER JOIN (SELECT * FROM cs1)s1 ON s1.d1-1=s2.i1-1 ORDER BY id,i2;
d1	d2	id	i1	i2	i3	i4
255	254	2	255	254	NULL	NULL
254	253	3	254	253	NULL	NULL
SELECT s1.*,s2.* FROM (SELECT * FROM cs1)s1 INNER JOIN (SELECT * FROM cs2)s2 ON s1.d1-1=s2.i2-1 ORDER BY id,i3;
d1	d2	id	i1	i2	i3	i4
254	253	3	255	254	NULL	NULL
65535	2147483647	5	NULL	65535	NULL	NULL
65535	2147483647	5	NULL	65535	2147483647	NULL
65534	2147483646	6	NULL	65534	2147483646	NULL
SELECT s1.*,s2.* FROM (SELECT * FROM cs2)s2 INNER JOIN (SELECT * FROM cs1)s1 ON s1.d1-1=s2.i2-1 ORDER BY id,i3;
d1	d2	id	i1	i2	i3	i4
254	253	3	255	254	NULL	NULL
65535	2147483647	5	NULL	65535	NULL	NULL
65535	2147483647	5	NULL	65535	2147483647	NULL
65534	2147483646	6	NULL	65534	2147483646	NULL
SELECT s1.*,s2.* FROM (SELECT * FROM cs1)s1 INNER JOIN (SELECT * FROM cs2)s2 ON s1.d1-1=s2.i3-1 ORDER BY id,i2,i4;
d1	d2	id	i1	i2	i3	i4
2147483647	2147483636	8	NULL	NULL	2147483647	NULL
2147483647	2147483636	8	NULL	NULL	2147483647	2147483636
2147483647	2147483636	8	NULL	65535	2147483647	NULL
2147483646	2147483635	9	NULL	NULL	2147483646	2147483635
2147483646	2147483635	9	NULL	65534	2147483646	NULL
SELECT s1.*,s2.* FROM (SELECT * FROM cs2)s2 INNER JOIN (SELECT * FROM cs1)s1 ON s1.d1-1=s2.i3-1 ORDER BY id,i2,i4;
d1	d2	id	i1	i2	i3	i4
2147483647	2147483636	8	NULL	NULL	2147483647	NULL
2147483647	2147483636	8	NULL	NULL	2147483647	2147483636
2147483647	2147483636	8	NULL	65535	2147483647	NULL
2147483646	2147483635	9	NULL	NULL	2147483646	2147483635
2147483646	2147483635	9	NULL	65534	2147483646	NULL
SELECT s1.*,s2.* FROM (SELECT * FROM cs1)s1 INNER JOIN (SELECT * FROM cs2)s2 ON s1.d1-1=s2.i4-1 AND s2.i3 IS NOT NULL ORDER BY id,i3;
d1	d2	id	i1	i2	i3	i4
9223372036854775807	0	12	NULL	NULL	2147483627	9223372036854775807
9223372036854775807	2147483627	13	NULL	NULL	2147483627	9223372036854775807
9223372036854775806	2147483626	14	NULL	NULL	2147483626	9223372036854775806
SELECT s1.*,s2.* FROM (SELECT * FROM cs2)s2 INNER JOIN (SELECT * FROM cs1)s1 ON s1.d1-1=s2.i4-1 AND s2.i3 IS NOT NULL ORDER BY id,i3;
d1	d2	id	i1	i2	i3	i4
9223372036854775807	0	12	NULL	NULL	2147483627	9223372036854775807
9223372036854775807	2147483627	13	NULL	NULL	2147483627	9223372036854775807
9223372036854775806	2147483626	14	NULL	NULL	2147483626	9223372036854775806
DROP DATABASE mcol641_joins_db;
